{
    "MODULE_TYPE" : 4,
    "MODULE_DIR" : [-1, 1, 1, -1, -1, 1, -1],
    "JOINT_OFFSET" : [-4546, 7714, -4372, 3203, 2210, 2443, -7772],
    "TOOL_OFFSET" : [0.0, 0.0, 0.0],
    "CAMERA_JOINT" : [55.590820, -12.062988, -18.830566, -34.716796, -56.733398, 0.0, 0.0],
    "READY_JOINT" : [45, -5, -60, -65, 45, 0, 0],
    "LOGGING_ENABLE" : false,
    "CURRENT_STATE_PRINT" : false
}
